A,,,,,,,,,,,,,,,,,,
0,0.5,1,1.5,2,2.5,3,4,5,7.5,10,15,20,25,30,40,60,80,100
0,0.053127091,0.2833169336,0.4691259783,0.5156253069,0.5589485326,0.6218592038,0.6825885256,0.6600272868,0.7596153736,0.8045655624,0.8595061064,0.884073638,0.9191383575,0.9318722756,0.9169231186,0.9835736606,1.0006200261,0.9932177879
,,,,,,,,,,,,,,,,,,
B,,,,,,,,,,,,,,,,,,
0,0.5,1,1.5,2,2.5,3,4,5,7.5,10,15,20,25,30,40,60,80,100
0,0.0033965085,0.0511735989,0.0834611937,0.1730532235,0.1352904405,0.1377867802,0.1654832339,0.2033909945,0.3044911206,0.3635518969,0.4643064028,0.524154115,0.5684211375,0.6497497693,0.6747057598,0.7837435814,0.8050033706,0.8651732548
,,,,,,,,,,,,,,,,,,
C,,,,,,,,,,,,,,,,,,
0,0.5,1,1.5,2,2.5,3,4,5,7.5,10,15,20,25,30,40,60,80,100
0,0.0273085183,0.1251753953,0.2673536466,0.3209872847,0.3657029291,0.4310538724,0.4882136916,0.5297430609,0.6032091497,0.6726126272,0.7643042651,0.7718548835,0.8123206469,0.8567848276,0.8948599031,0.9177150195,0.9427643021,1.0252530839
